us-al	Kay Ivey	Ivey	https://governor.alabama.gov/
us-ak	Mike Dunleavy	Dunleavy	https://gov.alaska.gov/
us-ar	Sarah Huckabee Sanders	Sanders	https://governor.arkansas.gov/
us-ct	Ned Lamont	Lamont	https://portal.ct.gov/governor
us-de	Matt Meyer	Meyer	https://governor.delaware.gov/
us-hi	Josh Green	Green	https://governor.hawaii.gov/
us-id	Brad Little	Little	https://gov.idaho.gov/
us-in	Mike Braun	Braun	https://www.in.gov/gov/
us-ia	Kim Reynolds	Reynolds	https://governor.iowa.gov/
us-ks	Laura Kelly	Kelly	https://governor.kansas.gov/
us-ky	Andy Beshear	Beshear	https://governor.ky.gov/
us-la	Jeff Landry	Landry	https://gov.louisiana.gov/
us-me	Janet Mills	Mills	https://www.maine.gov/governor/mills/
us-md	Wes Moore	Moore	https://governor.maryland.gov/
us-mn	Tim Walz	Walz	https://mn.gov/governor/
us-ms	Tate Reeves	Reeves	https://governorreeves.ms.gov/
us-mo	Mike Kehoe	Kehoe	https://governor.mo.gov/
us-mt	Greg Gianforte	Gianforte	https://gov.mt.gov/
us-ne	Jim Pillen	Pillen	https://governor.nebraska.gov/
us-nv	Joe Lombardo	Lombardo	https://gov.nv.gov/
us-nh	Kelly Ayotte	Ayotte	https://www.governor.nh.gov/
us-nj	Mikie Sherrill	Sherrill	https://www.nj.gov/governor/
us-nm	Michelle Lujan Grisham	Grisham	https://www.governor.state.nm.us/
us-nd	Kelly Armstrong	Armstrong	https://www.governor.nd.gov/
us-ok	Kevin Stitt	Stitt	https://oklahoma.gov/governor.html
us-or	Tina Kotek	Kotek	https://www.oregon.gov/gov/
us-ri	Dan McKee	McKee	https://governor.ri.gov/
us-sc	Henry McMaster	McMaster	https://governor.sc.gov/
us-sd	Larry Rhoden	Rhoden	https://governor.sd.gov/
us-tn	Bill Lee	Lee	https://www.tn.gov/governor.html
us-ut	Spencer Cox	Cox	https://governor.utah.gov/
us-vt	Phil Scott	Scott	https://governor.vermont.gov/
us-va	Abigail Spanberger	Spanberger	https://www.governor.virginia.gov/
us-wv	Patrick Morrisey	Morrisey	https://governor.wv.gov/
us-wi	Tony Evers	Evers	https://evers.wi.gov/
us-wy	Mark Gordon	Gordon	https://governor.wyo.gov/
us-ca	Gavin Newsom	Newsom	https://www.gov.ca.gov/
us-tx	Greg Abbott	Abbott	https://gov.texas.gov/
us-ny	Kathy Hochul	Hochul	https://www.governor.ny.gov/
us-fl	Ron DeSantis	DeSantis	https://www.flgov.com/
us-il	JB Pritzker	Pritzker	https://gov.illinois.gov/
us-pa	Josh Shapiro	Shapiro	https://www.pa.gov/governor
us-oh	Mike DeWine	DeWine	https://governor.ohio.gov/
us-ga	Brian P. Kemp	Kemp	https://gov.georgia.gov/
us-co	Jared Polis	Polis	https://www.colorado.gov/governor
us-mi	Gretchen Whitmer	Whitmer	https://www.michigan.gov/whitmer
us-wa	Bob Ferguson	Ferguson	https://governor.wa.gov/
us-az	Katie Hobbs	Hobbs	https://azgovernor.gov/
us-nc	Josh Stein	Stein	https://governor.nc.gov/
us-ma	Maura Healey	Healey	https://www.mass.gov/orgs/governor-maura-healey-and-lt-governor-kim-driscoll
us-dc	Muriel Bowser	Bowser	https://mayor.dc.gov/
